venueId,name,status,windowStart,windowEnd,windowKind,priorityRank,locationVerified,locationEvidence,lastSuccess,showCount,freshShowCount,freeShowCount,paidShowCount,unknownPriceShowCount,rejectedNonLondonCount,attemptedAt,sourceUrl,httpStatus,robotsAllowed,extractionMethods,reviewStatus,statusEvidence,error
the-photographers-gallery,The Photographers' Gallery,unresolved,2026-10-06,2026-11-06,calendar-month-inclusive,1,False,No complete official street address and postcode were verified to the London region,2026-10-06,0,0,0,0,0,7,2026-10-07T01:14:43.210419+00:00,https://thephotographersgallery.org.uk/whats-on,200,True,html-time,,,"Official-source extraction found 0 candidate record(s), but none passed the London venue/address and event-location audits; see location-audit.json and rejections.json"
pilar-corrias,Pilar Corrias,success,2026-10-06,2026-11-06,calendar-month-inclusive,2,True,"Official venue address 51 Conduit Street, W1S 2YT; postcode resolves to Westminster, London",2026-10-06,2,2,0,0,2,0,2026-10-07T01:14:43.210642+00:00,https://www.pilarcorrias.com/exhibitions/,200,True,,,,
the-tagli,THE TAGLI,ambiguous,2026-10-06,2026-11-06,calendar-month-inclusive,3,False,No complete official street address and postcode were verified to the London region,,0,0,0,0,0,0,2026-10-07T01:14:43.210741+00:00,,,,,ambiguous,,Reported temporarily closed in the Maps list; an official site could not be identified confidently.
lisson-gallery,Lisson Gallery,no-current-shows,2026-10-06,2026-11-06,calendar-month-inclusive,4,True,"Official venue address 67 Lisson Street, NW1 5DA; postcode resolves to Westminster, London",2026-10-06,0,0,0,0,0,0,2026-10-07T01:14:43.210869+00:00,https://www.lissongallery.com/exhibitions,200,True,browser-rendered-official|json-ld,,Official JavaScript-rendered London filter showed no current London gallery exhibition and the next London exhibitions open 19 November 2026.,
william-hine,William Hine,unresolved,2026-10-06,2026-11-06,calendar-month-inclusive,5,False,No complete official street address and postcode were verified to the London region,,0,0,0,0,0,0,2026-10-07T01:14:43.210795+00:00,https://williamhine.com/,200,True,json-ld|sitemap,unverified,,"Fetched official listing https://www.williamhine.com/; examined 0 official detail link(s), structured metadata, feeds and declared sitemaps where available, but found no verifiable dated exhibition item"
terrace-gallery,Terrace Gallery,ambiguous,2026-10-06,2026-11-06,calendar-month-inclusive,6,False,No complete official street address and postcode were verified to the London region,,0,0,0,0,0,0,2026-10-07T01:14:43.210991+00:00,,,,,ambiguous,,The name matches multiple London spaces; no official source was selected without a reliable address.
chisenhale-gallery,Chisenhale Gallery,success,2026-10-06,2026-11-06,calendar-month-inclusive,7,True,"Official venue address 64 Chisenhale Road, E3 5QZ; postcode resolves to Tower Hamlets, London",2026-10-06,1,1,1,0,0,0,2026-10-07T01:14:43.211091+00:00,https://chisenhale.org.uk/whats-on/,200,True,html-time,,,
soho-revue,Soho Revue,unresolved,2026-10-06,2026-11-06,calendar-month-inclusive,8,False,No complete official street address and postcode were verified to the London region,,0,0,0,0,0,0,2026-10-07T01:14:43.211409+00:00,https://sohorevue.com/exhibitions/,200,True,detail-json-ld|json-ld,,,"Fetched official listing https://www.sohorevue.com/exhibitions/; examined 20 official detail link(s), structured metadata, feeds and declared sitemaps where available, but found no verifiable dated exhibition item"
the-cob-gallery,The Cob Gallery,blocked,2026-10-06,2026-11-06,calendar-month-inclusive,9,False,No complete official street address and postcode were verified to the London region,,0,0,0,0,0,0,2026-10-07T01:14:43.340092+00:00,https://www.thecobgallery.com/exhibitions,,False,,,,"robots-unavailable:URLError: <urlopen error [Errno 8] nodename nor servname provided, or not known>"
october-gallery,October Gallery,success,2026-10-06,2026-11-06,calendar-month-inclusive,10,True,"Official venue address 24 Old Gloucester Street London, WC1N 3AL; postcode resolves to Camden, London",2026-10-06,1,1,1,0,0,0,2026-10-07T01:14:43.346826+00:00,https://www.octobergallery.co.uk/exhibitions/,200,True,detail-json-ld,,,
mimosa-house,Mimosa House,unresolved,2026-10-06,2026-11-06,calendar-month-inclusive,11,False,No complete official street address and postcode were verified to the London region,,0,0,0,0,0,0,2026-10-07T01:14:43.526379+00:00,https://www.mimosahouse.co.uk/,200,True,feed|json-ld|sitemap,,,"Fetched official listing https://www.mimosahouse.co.uk/; examined 0 official detail link(s), structured metadata, feeds and declared sitemaps where available, but found no verifiable dated exhibition item"
ginny-on-frederick,Ginny on Frederick,unresolved,2026-10-06,2026-11-06,calendar-month-inclusive,12,False,No complete official street address and postcode were verified to the London region,,0,0,0,0,0,0,2026-10-07T01:14:43.654152+00:00,https://www.ginnyonfrederick.com/,200,True,,,,"Fetched official listing https://www.ginnyonfrederick.com/; examined 0 official detail link(s), structured metadata, feeds and declared sitemaps where available, but found no verifiable dated exhibition item"
haricot-gallery,Haricot Gallery,unresolved,2026-10-06,2026-11-06,calendar-month-inclusive,13,True,"Official venue address 2 Blackall Street London, EC2A 4AD; postcode resolves to Hackney, London",,0,0,0,0,0,0,2026-10-07T01:14:43.745576+00:00,https://www.haricotgallery.com/exhibitions,200,True,sitemap,,,"Fetched official listing https://www.haricotgallery.com/exhibitions; examined 0 official detail link(s), structured metadata, feeds and declared sitemaps where available, but found no verifiable dated exhibition item"
hannah-barry-gallery,Hannah Barry Gallery,success,2026-10-06,2026-11-06,calendar-month-inclusive,14,True,"Official venue address 4 Holly Grove, Peckham, SE15 5DF; postcode resolves to Southwark, London",2026-10-06,1,1,0,0,1,2,2026-10-07T01:14:43.748899+00:00,https://hannahbarry.com/exhibitions,200,True,html-time|json-ld,,,
sprueth-magers-london,Sprüth Magers London,unresolved,2026-10-06,2026-11-06,calendar-month-inclusive,15,False,No complete official street address and postcode were verified to the London region,2026-10-06,0,0,0,0,0,5,2026-10-07T01:14:43.765675+00:00,https://spruethmagers.com/exhibitions/,200,True,detail-json-ld|html-time|json-ld,,,"Official-source extraction found 0 candidate record(s), but none passed the London venue/address and event-location audits; see location-audit.json and rejections.json"
kristin-hjellegjerde-gallery,Kristin Hjellegjerde Gallery,success,2026-10-06,2026-11-06,calendar-month-inclusive,16,True,"Official venue address 36 Tanner Street, SE1 3LD; postcode resolves to Southwark, London",2026-10-06,1,1,0,0,1,12,2026-10-07T01:14:43.842201+00:00,https://kristinhjellegjerde.com/exhibitions,200,True,artlogic-static-html,,,
matts-gallery,Matt's Gallery,success,2026-10-06,2026-11-06,calendar-month-inclusive,17,True,"Official venue address 6 Charles Clowes Walk, Nine Elms, SW11 7AN; postcode resolves to Wandsworth, London",2026-10-06,2,2,2,0,0,0,2026-10-07T01:14:43.934747+00:00,https://www.mattsgallery.org/exhibitions,200,True,html-time,,,
maureen-paley,Maureen Paley,unresolved,2026-10-06,2026-11-06,calendar-month-inclusive,18,False,No complete official street address and postcode were verified to the London region,,0,0,0,0,0,0,2026-10-07T01:14:44.433918+00:00,https://www.maureenpaley.com/exhibitions,200,True,sitemap,temporarily-closed-unverified,,"Fetched official listing https://www.maureenpaley.com/exhibitions; examined 20 official detail link(s), structured metadata, feeds and declared sitemaps where available, but found no verifiable dated exhibition item"
kate-macgarry,Kate MacGarry,no-current-shows,2026-10-06,2026-11-06,calendar-month-inclusive,19,True,"Official venue address 27 Old Nichol Street, E2 7HR; postcode resolves to Tower Hamlets, London",2026-10-06,0,0,0,0,0,2,2026-10-07T01:14:44.953014+00:00,https://www.katemacgarry.com/exhibitions/,200,True,html-time,,,
hales-gallery,Hales Gallery,success,2026-10-06,2026-11-06,calendar-month-inclusive,20,True,"Official venue address 7 Bethnal Green Road, E1 6LA; postcode resolves to Tower Hamlets, London",2026-10-06,1,1,0,0,1,2,2026-10-07T01:14:45.345085+00:00,https://halesgallery.com/exhibitions/,200,True,html-time,,,
serpentine-south,Serpentine South Gallery,no-current-shows,2026-10-06,2026-11-06,calendar-month-inclusive,21,True,"Official venue address Kensington Gardens, W2 3XA; postcode resolves to Westminster, London",2026-10-06,0,0,0,0,0,18,2026-10-07T01:14:45.444547+00:00,https://www.serpentinegalleries.org/whats-on/,200,True,detail-json-ld|json-ld|sitemap,,,
victoria-miro,Victoria Miro,success,2026-10-06,2026-11-06,calendar-month-inclusive,22,True,"Official venue address 16 Wharf Road, N1 7RW; postcode resolves to Hackney, London",2026-10-06,2,2,2,0,0,35,2026-10-07T01:30:32.451312+00:00,https://www.victoria-miro.com/exhibitions/,200,True,artlogic-static-html|html-time,,,
tate-britain,Tate Britain,success,2026-10-06,2026-11-06,calendar-month-inclusive,23,True,"Official venue address Millbank, SW1P 4RG; postcode resolves to Westminster, London",2026-10-06,3,3,2,1,0,0,2026-10-07T01:30:32.516501+00:00,https://www.tate.org.uk/whats-on/tate-britain,200,True,html-time,,,
saatchi-gallery,Saatchi Gallery,unresolved,2026-10-06,2026-11-06,calendar-month-inclusive,24,False,No complete official street address and postcode were verified to the London region,2026-10-06,0,0,0,0,0,0,2026-10-07T01:30:32.715640+00:00,https://www.saatchigallery.com/,200,True,detail-json-ld|feed|json-ld|sitemap,,,"Official-source extraction found 0 candidate record(s), but none passed the London venue/address and event-location audits; see location-audit.json and rejections.json"
barbican-art-gallery,Barbican Art Gallery,temporarily-closed-unverified,2026-10-06,2026-11-06,calendar-month-inclusive,25,False,No complete official street address and postcode were verified to the London region,,0,0,0,0,0,0,2026-10-07T01:30:32.788382+00:00,https://www.barbican.org.uk/whats-on/art-design,,,,temporarily-closed-unverified,,Maps reported a temporary closure. Kept as link-only until reopening is confirmed.
whitechapel-gallery,Whitechapel Gallery,success,2026-10-06,2026-11-06,calendar-month-inclusive,26,True,"Official venue address 77–82 Whitechapel High Street, E1 7QX; postcode resolves to Tower Hamlets, London",2026-10-06,3,3,2,0,1,1,2026-10-07T01:30:32.788392+00:00,https://www.whitechapelgallery.org/exhibitions/,200,True,detail-json-ld|feed|html-time|json-ld|sitemap,,,
white-cube-bermondsey,White Cube Bermondsey,failed,2026-10-06,2026-11-06,calendar-month-inclusive,27,True,"Official venue address 144–152 Bermondsey Street, SE1 3TQ; postcode resolves to Southwark, London",,0,0,0,0,0,0,2026-10-07T01:30:32.807898+00:00,https://www.whitecube.com/gallery-exhibitions,404,True,,,,HTTP 404
pippy-houldsworth-gallery,Pippy Houldsworth Gallery,no-current-shows,2026-10-06,2026-11-06,calendar-month-inclusive,28,True,"Official venue address 6 Heddon Street, W1B 4BT; postcode resolves to Westminster, London",2026-10-06,0,0,0,0,0,1,2026-10-07T01:30:33.416659+00:00,https://www.houldsworth.co.uk/exhibitions/,200,True,html-time,,,
gagosian-britannia-street,Gagosian Britannia Street,no-current-shows,2026-10-06,2026-11-06,calendar-month-inclusive,29,True,"Official venue address 6–24 Britannia Street, WC1X 9JD; postcode resolves to Camden, London",2026-10-06,0,0,0,0,0,11,2026-10-07T01:30:33.480609+00:00,https://gagosian.com/exhibitions/?locations=london,200,True,,,,
gagosian-grosvenor-hill,Gagosian Grosvenor Hill,no-current-shows,2026-10-06,2026-11-06,calendar-month-inclusive,29,True,"Official venue address 20 Grosvenor Hill, W1K 3QD; postcode resolves to Westminster, London",2026-10-06,0,0,0,0,0,10,2026-10-07T01:30:33.702204+00:00,https://gagosian.com/exhibitions/?locations=london,200,True,,,,
saatchi-yates,Saatchi Yates,unresolved,2026-10-06,2026-11-06,calendar-month-inclusive,30,False,No complete official street address and postcode were verified to the London region,2026-10-06,0,0,0,0,0,1,2026-10-07T01:30:33.856300+00:00,https://saatchiyates.com/exhibitions/,200,True,,,,"Official-source extraction found 0 candidate record(s), but none passed the London venue/address and event-location audits; see location-audit.json and rejections.json"
huxley-parlour,Huxley-Parlour,blocked,2026-10-06,2026-11-06,calendar-month-inclusive,31,False,No complete official street address and postcode were verified to the London region,,0,0,0,0,0,0,2026-10-07T01:30:33.876733+00:00,https://huxley-parlour.com/exhibitions/,,False,,,,"robots-unavailable:URLError: <urlopen error [Errno 8] nodename nor servname provided, or not known>"
no-9-cork-street,No.9 Cork Street,blocked,2026-10-06,2026-11-06,calendar-month-inclusive,32,False,No complete official street address and postcode were verified to the London region,,0,0,0,0,0,0,2026-10-07T01:30:33.885665+00:00,https://www.no9corkstreet.com/programme/,,False,,,,"robots-unavailable:URLError: <urlopen error [Errno 8] nodename nor servname provided, or not known>"
john-martin-gallery,John Martin Gallery,unresolved,2026-10-06,2026-11-06,calendar-month-inclusive,33,False,No complete official street address and postcode were verified to the London region,2026-10-06,0,0,0,0,0,0,2026-10-07T01:30:33.890009+00:00,https://www.jmlondon.com/exhibitions/,200,True,,,,"Official-source extraction found 0 candidate record(s), but none passed the London venue/address and event-location audits; see location-audit.json and rejections.json"
timothy-taylor,Timothy Taylor,unresolved,2026-10-06,2026-11-06,calendar-month-inclusive,34,False,No complete official street address and postcode were verified to the London region,2026-10-06,0,0,0,0,0,0,2026-10-07T01:30:33.890076+00:00,https://www.timothytaylor.com/exhibitions/,200,True,,,,"Official-source extraction found 0 candidate record(s), but none passed the London venue/address and event-location audits; see location-audit.json and rejections.json"
ben-brown-fine-arts,Ben Brown Fine Arts,no-current-shows,2026-10-06,2026-11-06,calendar-month-inclusive,35,True,"Official venue address 12 Brook's Mews, W1K 4DG; postcode resolves to Westminster, London",2026-10-06,0,0,0,0,0,2,2026-10-07T01:30:33.890464+00:00,https://www.benbrownfinearts.com/exhibitions/,200,True,html-time,,,
thaddaeus-ropac-london,Thaddaeus Ropac London,unresolved,2026-10-06,2026-11-06,calendar-month-inclusive,36,False,No complete official street address and postcode were verified to the London region,,0,0,0,0,0,0,2026-10-07T01:30:34.263451+00:00,https://ropac.net/gallery-documents/3/,200,True,,,,"Fetched official listing https://ropac.net/gallery-documents/3/; examined 0 official detail link(s), structured metadata, feeds and declared sitemaps where available, but found no verifiable dated exhibition item"
hayward-gallery,Hayward Gallery,no-current-shows,2026-10-06,2026-11-06,calendar-month-inclusive,37,True,"Official venue address Belvedere Road London, SE1 8XZ; postcode resolves to Lambeth, London",2026-10-06,0,0,0,0,0,0,2026-10-07T01:30:34.298579+00:00,https://www.southbankcentre.co.uk/whats-on/?artform=art-exhibitions,200,True,detail-json-ld,,,
st-art-gallery,ST.ART Gallery,ambiguous,2026-10-06,2026-11-06,calendar-month-inclusive,38,False,No complete official street address and postcode were verified to the London region,,0,0,0,0,0,0,2026-10-07T01:30:34.436450+00:00,,,,,ambiguous,,No official London venue source could be identified confidently.
sadie-coles-hq,Sadie Coles HQ,success,2026-10-06,2026-11-06,calendar-month-inclusive,39,True,"Official venue address 17 Savile Row, W1S 3PN; postcode resolves to Westminster, London",2026-10-06,3,3,0,0,3,0,2026-10-07T01:30:34.436458+00:00,https://www.sadiecoles.com/exhibitions/,200,True,detail-json-ld|html-time|json-ld,,,
the-redfern-gallery,The Redfern Gallery,success,2026-10-06,2026-11-06,calendar-month-inclusive,40,True,"Official venue address 11–12 Pall Mall, SW1Y 5LU; postcode resolves to Westminster, London",2026-10-06,1,1,0,0,1,0,2026-10-07T01:30:34.525215+00:00,https://www.redfern-gallery.com/exhibitions/,200,True,html-time,,,
unit-london,Unit London,blocked,2026-10-06,2026-11-06,calendar-month-inclusive,41,False,No complete official street address and postcode were verified to the London region,,0,0,0,0,0,0,2026-10-07T01:30:34.549283+00:00,https://theunitldn.com/exhibitions/,,False,,temporarily-closed-unverified,,robots-unavailable:URLError: <urlopen error timed out>
david-zwirner-london,David Zwirner London,success,2026-10-06,2026-11-06,calendar-month-inclusive,42,True,"Official venue address 24 Grafton Street, W1S 4EZ; postcode resolves to Westminster, London",2026-10-06,3,3,3,0,0,29,2026-10-07T01:30:34.994261+00:00,https://www.davidzwirner.com/exhibitions,200,True,detail-json-ld|json-ld|sitemap,,,
white-cube-masons-yard,White Cube Mason's Yard,failed,2026-10-06,2026-11-06,calendar-month-inclusive,43,False,No complete official street address and postcode were verified to the London region,,0,0,0,0,0,0,2026-10-07T01:30:35.128624+00:00,https://www.whitecube.com/gallery-exhibitions,404,True,,,,HTTP 404
rhodes-contemporary-art,Rhodes Contemporary Art Gallery,unresolved,2026-10-06,2026-11-06,calendar-month-inclusive,44,False,No complete official street address and postcode were verified to the London region,2026-10-06,0,0,0,0,0,0,2026-10-07T01:30:35.601507+00:00,https://rhodescontemporaryart.com/exhibitions/,200,True,,,,"Official-source extraction found 0 candidate record(s), but none passed the London venue/address and event-location audits; see location-audit.json and rejections.json"
the-courtauld-gallery,The Courtauld Gallery,success,2026-10-06,2026-11-06,calendar-month-inclusive,45,True,"Official venue address Somerset House, Strand, WC2R 0RN; postcode resolves to Westminster, London",2026-10-06,1,1,0,1,0,0,2026-10-07T01:30:35.918016+00:00,https://courtauld.ac.uk/whats-on/,200,True,detail-json-ld|feed|html-time|json-ld|sitemap,,,
maddox-gallery,Maddox Gallery,success,2026-10-06,2026-11-06,calendar-month-inclusive,46,True,"Official venue address 9 Maddox Street London, W1S 2QE; postcode resolves to Westminster, London",2026-10-06,2,2,0,0,2,0,2026-10-07T01:30:35.954119+00:00,https://maddoxgallery.com/exhibitions/,200,True,html-time|json-ld,,,
pace-gallery-london,Pace Gallery London,unresolved,2026-10-06,2026-11-06,calendar-month-inclusive,47,False,No complete official street address and postcode were verified to the London region,2026-10-06,0,0,0,0,0,4,2026-10-07T01:30:36.019485+00:00,https://www.pacegallery.com/exhibitions/?location=london,200,True,html-time|sitemap,,,"Official-source extraction found 0 candidate record(s), but none passed the London venue/address and event-location audits; see location-audit.json and rejections.json"
institute-of-contemporary-arts,Institute of Contemporary Arts,unresolved,2026-10-06,2026-11-06,calendar-month-inclusive,48,False,No complete official street address and postcode were verified to the London region,2026-10-06,0,0,0,0,0,0,2026-10-07T01:30:36.775821+00:00,https://www.ica.art/exhibitions,200,True,,,,"Official-source extraction found 0 candidate record(s), but none passed the London venue/address and event-location audits; see location-audit.json and rejections.json"
royal-academy,Royal Academy of Arts,success,2026-10-06,2026-11-06,calendar-month-inclusive,49,True,"Official venue address Burlington House, Piccadilly, W1J 0BD; postcode resolves to Westminster, London",2026-10-06,8,8,6,2,0,0,2026-10-07T01:30:37.081167+00:00,https://www.royalacademy.org.uk/exhibitions-and-events,200,True,html-time|sitemap,,,
national-gallery,The National Gallery,success,2026-10-06,2026-11-06,calendar-month-inclusive,50,True,"Official venue address Trafalgar Square, WC2N 5DN; postcode resolves to Westminster, London",2026-10-06,2,2,0,1,1,0,2026-10-07T01:30:37.396614+00:00,https://www.nationalgallery.org.uk/exhibitions,200,True,detail-json-ld|sitemap,,,
union-pacific,Union Pacific,unresolved,2026-10-06,2026-11-06,calendar-month-inclusive,51,False,No complete official street address and postcode were verified to the London region,,0,0,0,0,0,0,2026-10-07T01:30:37.840657+00:00,https://www.unionpacific.co.uk/exhibitions/,200,True,,temporarily-closed-unverified,,"Fetched official listing https://www.unionpacific.co.uk/exhibitions/; examined 20 official detail link(s), structured metadata, feeds and declared sitemaps where available, but found no verifiable dated exhibition item"
lbf-contemporary,LBF Contemporary,success,2026-10-06,2026-11-06,calendar-month-inclusive,52,True,"Official venue address 13 Tottenham Mews, W1T 4AQ; postcode resolves to Camden, London",2026-10-06,1,1,0,0,1,0,2026-10-07T01:30:37.853155+00:00,https://www.lbfcontemporary.com/exhibitions,200,True,detail-json-ld|html-time|json-ld,unverified,,
blueshop-cottage,Blue Shop Cottage,success,2026-10-06,2026-11-06,calendar-month-inclusive,53,True,"Official venue address 72 Brixton Road, Oval, SW9 6BH; postcode resolves to Lambeth, London",2026-10-06,2,2,0,0,2,0,2026-10-07T01:30:44.054044+00:00,https://www.blueshopcottage.com/exhibitions,200,True,detail-json-ld|json-ld,,,
annely-juda-fine-art,Annely Juda Fine Art,success,2026-10-06,2026-11-06,calendar-month-inclusive,,True,"Official venue address 16 Hanover Square, W1S 1HT; postcode resolves to Westminster, London",2026-10-06,2,2,0,0,2,0,2026-10-07T01:30:44.026745+00:00,https://www.annelyjudafineart.co.uk/exhibitions/,200,True,html-time,,,
auto-italia,Auto Italia,success,2026-10-06,2026-11-06,calendar-month-inclusive,,True,"Official venue address 44 Bonner Road, E2 9JS; postcode resolves to Tower Hamlets, London",2026-10-06,1,1,1,0,0,0,2026-10-07T01:30:43.249232+00:00,https://autoitaliasoutheast.org/,200,True,html-time|sitemap,,,
british-museum,British Museum,unresolved,2026-10-06,2026-11-06,calendar-month-inclusive,,False,No complete official street address and postcode were verified to the London region,2026-10-06,0,0,0,0,0,3,2026-10-07T01:30:37.928817+00:00,https://www.britishmuseum.org/exhibitions-events,200,True,detail-json-ld|html-time|json-ld,,,"Official-source extraction found 0 candidate record(s), but none passed the London venue/address and event-location audits; see location-audit.json and rejections.json"
camden-art-centre,Camden Art Centre,success,2026-10-06,2026-11-06,calendar-month-inclusive,,True,"Official venue address Arkwright Road, NW3 6DG; postcode resolves to Camden, London",2026-10-06,1,1,1,0,0,0,2026-10-07T01:30:41.572549+00:00,https://camdenartcentre.org/whats-on/,200,True,detail-json-ld|json-ld|sitemap,,,
cubitt,Cubitt,unresolved,2026-10-06,2026-11-06,calendar-month-inclusive,,False,No complete official street address and postcode were verified to the London region,,0,0,0,0,0,0,2026-10-07T01:30:42.454521+00:00,https://www.cubittartists.org.uk/,200,True,feed|json-ld|sitemap,,,"Fetched official listing https://www.cubittartists.org.uk/; examined 0 official detail link(s), structured metadata, feeds and declared sitemaps where available, but found no verifiable dated exhibition item"
delfina-foundation,Delfina Foundation,unresolved,2026-10-06,2026-11-06,calendar-month-inclusive,,False,No complete official street address and postcode were verified to the London region,,0,0,0,0,0,0,2026-10-07T01:30:42.465594+00:00,https://www.delfinafoundation.com/whats-on/,200,True,detail-json-ld|json-ld,,,"Fetched official listing https://www.delfinafoundation.com/whats-on/; examined 20 official detail link(s), structured metadata, feeds and declared sitemaps where available, but found no verifiable dated exhibition item"
design-museum,Design Museum,success,2026-10-06,2026-11-06,calendar-month-inclusive,,True,"Official venue address 224–238 Kensington High Street, W8 6AG; postcode resolves to Kensington and Chelsea, London",2026-10-06,1,1,0,1,0,0,2026-10-07T01:30:38.985978+00:00,https://designmuseum.org/exhibitions,200,True,html-time,,,
dulwich-picture-gallery,Dulwich Picture Gallery,success,2026-10-06,2026-11-06,calendar-month-inclusive,,True,"Official venue address 14 Gallery Road, SE21 7AD; postcode resolves to Southwark, London",2026-10-06,4,4,2,2,0,0,2026-10-07T01:30:40.213824+00:00,https://www.dulwichpicturegallery.org.uk/whats-on/,200,True,detail-json-ld|html-time|json-ld,,,
estorick-collection,Estorick Collection,no-current-shows,2026-10-06,2026-11-06,calendar-month-inclusive,,True,"Official venue address 39a Canonbury Square, London, N1 2AN; postcode resolves to Islington, London",2026-10-06,0,0,0,0,0,1,2026-10-07T01:30:41.311508+00:00,https://www.estorickcollection.com/exhibitions,200,True,html-time,,,
fashion-and-textile-museum,Fashion and Textile Museum,unresolved,2026-10-06,2026-11-06,calendar-month-inclusive,,True,"Official venue address 83 Bermondsey Street, SE1 3XF; postcode resolves to Southwark, London",,0,0,0,0,0,0,2026-10-07T01:30:40.753339+00:00,https://fashiontextilemuseum.org/,200,True,detail-json-ld|feed|json-ld|sitemap,,,"Fetched official listing https://fashiontextilemuseum.org/; examined 2 official detail link(s), structured metadata, feeds and declared sitemaps where available, but found no verifiable dated exhibition item"
flowers-gallery,Flowers Gallery,no-current-shows,2026-10-06,2026-11-06,calendar-month-inclusive,,True,"Official venue address 21 Cork Street, W1S 3LZ; postcode resolves to Westminster, London",2026-10-06,0,0,0,0,0,6,2026-10-07T01:14:44.598448+00:00,https://www.flowersgallery.com/exhibitions/,200,True,html-time,location-closed-unverified,,
foundling-museum,Foundling Museum,unresolved,2026-10-06,2026-11-06,calendar-month-inclusive,,True,"Official venue address 40 Brunswick Square, WC1N 1AZ; postcode resolves to Camden, London",,0,0,0,0,0,0,2026-10-07T01:30:41.125148+00:00,https://foundlingmuseum.org.uk/event/,200,True,json-ld|sitemap,,,"Fetched official listing https://foundlingmuseum.org.uk/venue-hire/event-packages/; examined 0 official detail link(s), structured metadata, feeds and declared sitemaps where available, but found no verifiable dated exhibition item"
garden-museum,Garden Museum,success,2026-10-06,2026-11-06,calendar-month-inclusive,,True,"Official venue address Lambeth Palace Road London, SE1 7LB; postcode resolves to Lambeth, London",2026-10-06,1,1,1,0,0,0,2026-10-07T01:30:41.430956+00:00,https://gardenmuseum.org.uk/exhibitions/,200,True,detail-json-ld|feed|html-time|json-ld|sitemap,,,
gasworks,Gasworks,success,2026-10-06,2026-11-06,calendar-month-inclusive,,True,"Official venue address 155 Vauxhall Street, SE11 5RH; postcode resolves to Lambeth, London",2026-10-06,1,1,1,0,0,0,2026-10-07T01:30:42.119409+00:00,https://www.gasworks.org.uk/exhibitions/,200,True,html-time,,,
goldsmiths-cca,Goldsmiths CCA,unresolved,2026-10-06,2026-11-06,calendar-month-inclusive,,False,No complete official street address and postcode were verified to the London region,2026-10-06,0,0,0,0,0,2,2026-10-07T01:30:42.611840+00:00,https://www.goldsmithscca.art/exhibitions/,200,True,html-time|sitemap,,,"Official-source extraction found 0 candidate record(s), but none passed the London venue/address and event-location audits; see location-audit.json and rejections.json"
hauser-and-wirth-london,Hauser & Wirth London,blocked,2026-10-06,2026-11-06,calendar-month-inclusive,,False,No complete official street address and postcode were verified to the London region,,0,0,0,0,0,0,2026-10-07T01:30:43.469230+00:00,https://www.hauserwirth.com/hauser-wirth-exhibitions/?location=london,,False,,,,robots-unavailable:HTTP 429
herald-st,Herald St,unresolved,2026-10-06,2026-11-06,calendar-month-inclusive,,False,No complete official street address and postcode were verified to the London region,,0,0,0,0,0,0,2026-10-07T01:30:43.894187+00:00,https://www.heraldst.com/exhibitions/,200,True,json-ld|sitemap,,,"Fetched official listing https://www.heraldst.com/2026; examined 0 official detail link(s), structured metadata, feeds and declared sitemaps where available, but found no verifiable dated exhibition item"
horniman-museum,Horniman Museum and Gardens,blocked,2026-10-06,2026-11-06,calendar-month-inclusive,,False,No complete official street address and postcode were verified to the London region,,0,0,0,0,0,0,2026-10-07T01:30:40.037700+00:00,https://www.horniman.ac.uk/whats-on/,200,True,,,,Bot-protection challenge detected; no bypass attempted
imperial-war-museum-london,Imperial War Museum London,no-current-shows,2026-10-06,2026-11-06,calendar-month-inclusive,,True,"Official venue address Lambeth Road London, SE1 6HZ; postcode resolves to Southwark, London",2026-10-06,0,0,0,0,0,0,2026-10-07T01:30:39.460662+00:00,https://www.iwm.org.uk/events,200,True,detail-json-ld|json-ld|sitemap,,,
jewish-museum-london,Jewish Museum London,closed,2026-10-06,2026-11-06,calendar-month-inclusive,,False,No complete official street address and postcode were verified to the London region,,0,0,0,0,0,0,2026-10-07T01:30:41.311502+00:00,https://jewishmuseum.org.uk/,,,,closed,,Its Camden building closed in 2023; retained as a closed/link-only starter-list record.
london-museum,London Museum,unresolved,2026-10-06,2026-11-06,calendar-month-inclusive,,False,No complete official street address and postcode were verified to the London region,2026-10-06,0,0,0,0,0,4,2026-10-07T01:30:39.641679+00:00,https://www.londonmuseum.org.uk/whats-on/,200,True,html-time,unverified,,"Official-source extraction found 0 candidate record(s), but none passed the London venue/address and event-location audits; see location-audit.json and rejections.json"
marian-goodman-gallery-london,Marian Goodman Gallery London,unresolved,2026-10-06,2026-11-06,calendar-month-inclusive,,False,No complete official street address and postcode were verified to the London region,2026-10-06,0,0,0,0,0,0,2026-10-07T01:30:43.530580+00:00,https://www.mariangoodman.com/exhibitions/,200,True,,unverified,,"Official-source extraction found 0 candidate record(s), but none passed the London venue/address and event-location audits; see location-audit.json and rejections.json"
museum-of-the-home,Museum of the Home,unresolved,2026-10-06,2026-11-06,calendar-month-inclusive,,True,"Official venue address 136 Kingsland Road London, E2 8EA; postcode resolves to Hackney, London",,0,0,0,0,0,0,2026-10-07T01:30:40.765438+00:00,https://www.museumofthehome.org.uk/whats-on/,200,True,detail-json-ld|json-ld|sitemap,,,"Fetched official listing https://museumofthehome.org.uk/whats-on/; examined 4 official detail link(s), structured metadata, feeds and declared sitemaps where available, but found no verifiable dated exhibition item"
national-portrait-gallery,National Portrait Gallery,success,2026-10-06,2026-11-06,calendar-month-inclusive,,True,"Official venue address St Martin's Place, WC2H 0HE; postcode resolves to Westminster, London",2026-10-06,3,3,1,2,0,0,2026-10-07T01:30:38.950181+00:00,https://www.npg.org.uk/whatson/events-calendar/?what=exhibition,200,True,html-time,,,
natural-history-museum,Natural History Museum,unresolved,2026-10-06,2026-11-06,calendar-month-inclusive,,False,No complete official street address and postcode were verified to the London region,2026-10-06,0,0,0,0,0,2,2026-10-07T01:30:38.960296+00:00,https://www.nhm.ac.uk/visit/exhibitions.html,200,True,html-time|sitemap,,,"Official-source extraction found 0 candidate record(s), but none passed the London venue/address and event-location audits; see location-audit.json and rejections.json"
newport-street-gallery,Newport Street Gallery,unresolved,2026-10-06,2026-11-06,calendar-month-inclusive,,False,No complete official street address and postcode were verified to the London region,,0,0,0,0,0,0,2026-10-07T01:30:41.484615+00:00,https://www.newportstreetgallery.com/,200,True,feed|sitemap,,,"Fetched official listing https://www.newportstreetgallery.com/; examined 3 official detail link(s), structured metadata, feeds and declared sitemaps where available, but found no verifiable dated exhibition item"
peckham-platform,Peckham Platform,unresolved,2026-10-06,2026-11-06,calendar-month-inclusive,,False,No complete official street address and postcode were verified to the London region,,0,0,0,0,0,0,2026-10-07T01:30:43.119093+00:00,https://www.peckhamplatform.com/whats-on/,200,True,feed|json-ld|sitemap,,,"Fetched official listing https://peckhamplatform.com/whats-on/; examined 0 official detail link(s), structured metadata, feeds and declared sitemaps where available, but found no verifiable dated exhibition item"
pump-house-gallery,Pump House Gallery,blocked,2026-10-06,2026-11-06,calendar-month-inclusive,,False,No complete official street address and postcode were verified to the London region,,0,0,0,0,0,0,2026-10-07T01:30:42.610682+00:00,https://www.pumphousegallery.org.uk/whats-on/,,False,,,,"robots-unavailable:URLError: <urlopen error [Errno 8] nodename nor servname provided, or not known>"
raven-row,Raven Row,unresolved,2026-10-06,2026-11-06,calendar-month-inclusive,,False,No complete official street address and postcode were verified to the London region,,0,0,0,0,0,0,2026-10-07T01:30:42.286229+00:00,https://www.ravenrow.org/exhibition/,200,True,,,,"Fetched official listing https://ravenrow.org/exhibition/; examined 0 official detail link(s), structured metadata, feeds and declared sitemaps where available, but found no verifiable dated exhibition item"
royal-museums-greenwich,Royal Museums Greenwich,unresolved,2026-10-06,2026-11-06,calendar-month-inclusive,,False,No complete official street address and postcode were verified to the London region,2026-10-06,0,0,0,0,0,5,2026-10-07T01:30:39.922642+00:00,https://www.rmg.co.uk/whats-on,200,True,html-time,,,"Official-source extraction found 0 candidate record(s), but none passed the London venue/address and event-location audits; see location-audit.json and rejections.json"
science-museum,Science Museum,unresolved,2026-10-06,2026-11-06,calendar-month-inclusive,,True,"Official venue address Exhibition Road London, SW7 2DD; postcode resolves to Kensington and Chelsea, London",,0,0,0,0,0,0,2026-10-07T01:30:38.955249+00:00,https://www.sciencemuseum.org.uk/see-and-do,200,True,json-ld,,,"Fetched official listing https://www.sciencemuseum.org.uk/see-and-do; examined 0 official detail link(s), structured metadata, feeds and declared sitemaps where available, but found no verifiable dated exhibition item"
sir-john-soanes-museum,Sir John Soane's Museum,success,2026-10-06,2026-11-06,calendar-month-inclusive,,True,"Official venue address 13 Lincoln's Inn Fields, WC2A 3BP; postcode resolves to Camden, London",2026-10-06,1,1,0,0,1,0,2026-10-07T01:30:41.172538+00:00,https://www.soane.org/whats-on,200,True,html-time,,,
somerset-house,Somerset House,unresolved,2026-10-06,2026-11-06,calendar-month-inclusive,,False,No complete official street address and postcode were verified to the London region,2026-10-06,0,0,0,0,0,3,2026-10-07T01:30:39.361156+00:00,https://www.somersethouse.org.uk/whats-on,200,True,html-time|sitemap,,,"Official-source extraction found 0 candidate record(s), but none passed the London venue/address and event-location audits; see location-audit.json and rejections.json"
south-london-gallery,South London Gallery,success,2026-10-06,2026-11-06,calendar-month-inclusive,,True,"Official venue address 65–67 and 82 Peckham Road, SE5 8UH; postcode resolves to Southwark, London",2026-10-06,1,1,0,1,0,0,2026-10-07T01:30:42.005813+00:00,https://www.southlondongallery.org/exhibitions/,200,True,detail-json-ld|html-time|json-ld|sitemap,,,
stephen-friedman-gallery,Stephen Friedman Gallery,unresolved,2026-10-06,2026-11-06,calendar-month-inclusive,,False,No complete official street address and postcode were verified to the London region,,0,0,0,0,0,0,2026-10-07T01:30:43.798861+00:00,https://www.stephenfriedman.com/exhibitions/,200,True,,,,"Fetched official listing https://www.stephenfriedman.com/exhibitions/; examined 0 official detail link(s), structured metadata, feeds and declared sitemaps where available, but found no verifiable dated exhibition item"
studio-voltaire,Studio Voltaire,unresolved,2026-10-06,2026-11-06,calendar-month-inclusive,,False,No complete official street address and postcode were verified to the London region,,0,0,0,0,0,1,2026-10-07T01:30:42.125689+00:00,https://studiovoltaire.org/whats-on/,200,True,,,,"Fetched official listing https://studiovoltaire.org/whats-on/; examined 17 official detail link(s), structured metadata, feeds and declared sitemaps where available, but found no verifiable dated exhibition item"
tate-modern,Tate Modern,success,2026-10-06,2026-11-06,calendar-month-inclusive,,True,"Official venue address Bankside, SE1 9TG; postcode resolves to Southwark, London",2026-10-06,6,6,2,4,0,0,2026-10-07T01:30:38.573391+00:00,https://www.tate.org.uk/whats-on/tate-modern,200,True,html-time,,,
the-kings-gallery,The King's Gallery,unresolved,2026-10-06,2026-11-06,calendar-month-inclusive,,False,No complete official street address and postcode were verified to the London region,2026-10-06,0,0,0,0,0,1,2026-10-07T01:30:40.550063+00:00,https://www.rct.uk/visit/the-kings-gallery-buckingham-palace,200,True,html-time|sitemap,,,"Official-source extraction found 0 candidate record(s), but none passed the London venue/address and event-location audits; see location-audit.json and rejections.json"
three-rooms,Three Rooms,instagram-only,2026-10-06,2026-11-06,calendar-month-inclusive,,False,No complete official street address and postcode were verified to the London region,,0,0,0,0,0,0,2026-10-07T01:14:43.211114+00:00,,,,,instagram-only,,The PRD identifies Instagram as its only exhibition source. Instagram is intentionally not scraped.
vam-east,V&A East,unresolved,2026-10-06,2026-11-06,calendar-month-inclusive,,True,"Official venue address 2 Parkes Street, E20 3AX; postcode resolves to Hackney, London",,0,0,0,0,0,38,2026-10-07T01:30:38.442842+00:00,https://www.vam.ac.uk/whatson,200,True,detail-json-ld,,,"Fetched official listing https://www.vam.ac.uk/whatson; examined 20 official detail link(s), structured metadata, feeds and declared sitemaps where available, but found no verifiable dated exhibition item"
vam,V&A South Kensington,success,2026-10-06,2026-11-06,calendar-month-inclusive,,True,"Official venue address Cromwell Road, SW7 2RL; postcode resolves to Kensington and Chelsea, London",2026-10-06,12,12,0,2,10,6,2026-10-07T01:30:38.277970+00:00,https://www.vam.ac.uk/whatson,200,True,detail-json-ld,,,
wallace-collection,Wallace Collection,success,2026-10-06,2026-11-06,calendar-month-inclusive,,True,"Official venue address Hertford House, Manchester Square, W1U 3BN; postcode resolves to Westminster, London",2026-10-06,3,3,3,0,0,0,2026-10-07T01:30:40.419042+00:00,https://www.wallacecollection.org/whats-on/,200,True,html-time|sitemap,,,
wellcome-collection,Wellcome Collection,success,2026-10-06,2026-11-06,calendar-month-inclusive,,True,"Official venue address 183 Euston Road, NW1 2BE; postcode resolves to Camden, London",2026-10-06,4,4,4,0,0,0,2026-10-07T01:30:39.085264+00:00,https://wellcomecollection.org/exhibitions,200,True,detail-json-ld|html-time|json-ld,,,
young-vam,Young V&A,success,2026-10-06,2026-11-06,calendar-month-inclusive,,True,"Official venue address Cambridge Heath Road, Bethnal Green, E2 9PA; postcode resolves to Tower Hamlets, London",2026-10-06,1,1,0,1,0,36,2026-10-07T01:30:38.510708+00:00,https://www.vam.ac.uk/whatson,200,True,detail-json-ld,,,
zabludowicz-collection,Zabludowicz Collection,closed,2026-10-06,2026-11-06,calendar-month-inclusive,,False,No complete official street address and postcode were verified to the London region,,0,0,0,0,0,0,2026-10-07T01:30:42.286220+00:00,https://www.zabludowiczcollection.com/,,,,closed,,The London project space closed in 2023; retained as a closed/link-only starter-list record.
refuses-at-queensrollahouse,Refusés at Queensrollahouse,instagram-only,2026-10-06,2026-11-06,calendar-month-inclusive,,True,"Official post and Queensrollahouse contact page identify 18 Trading Estate Road, London NW10 7LU.",,1,1,1,0,0,0,2026-10-07T16:10:00+00:00,https://www.instagram.com/p/Dd4SAcair6M/,200,True,manual-official-instagram,verified-user-source,,
